Workbook

Sheet Weights
A1: LinkedIn Post Targeting Scorecard — Weights
A2: Edit the Weight column (blue cells). Weights must sum to 100%. Adjust anytime, the scorer on Sheet 2 recalculates automatically.
A4: Factor | B4: Weight | C4: What it measures | D4: Score 5 (high) means... | E4: Score 1 (low) means...
A5: Personal Story Fit | B5: 0.3 | C5: Do you have a real, specific, true detail or story to anchor a comment? | D5: You have a concrete, verifiable personal experience directly on-topic | E5: You'd be forcing a generic reaction with no real anchor
A6: Job Search Relevance | B6: 0.25 | C6: Is the poster, or their company, useful to your active job search? | D6: Poster is at a target company, or is a hiring manager/recruiter/Director+ | E6: No connection to any company, role, or person relevant to your search
A7: Visibility Opportunity | B7: 0.2 | C7: How much room is there for your comment to actually stand out? | D7: 0–2 existing comments, you'd be an early, visible voice | E7: 50+ comments already, yours gets buried
A8: Poster Reach & Authority | B8: 0.15 | C8: Follower count and seniority of the person posting | D8: 1k+ followers and a senior/decision-making title | E8: Small following, junior or unclear role
A9: Topical Pillar Fit | B9: 0.05 | C9: Does the post match one of your 9 ContentIQ pillars? | D9: Clean match to a core pillar (e.g. Platform Engineering, AI/ML) | E9: Doesn't fit any current pillar
A10: Recency / Momentum | B10: 0.05 | C10: Is the post still actively surfacing in your feed, or already dead? | D10: Still gaining reactions/comments, algorithm is still pushing it | E10: Days old and reactions have flatlined
A11: TOTAL | B11: =SUM(B5:B10) -> 1
A12: Status: | B12: =IF(B11=1,"✓ OK, weights sum to 100%","⚠ Fix weights, must total 100%") -> ✓ OK, weights sum to 100%

Sheet Post Scorer
A1: Post Scorer — fill in blue cells for each saved post, ranked list builds itself
A2: Score each factor 1 (low) to 5 (high) using the guide on the Weights tab. Weighted Score and Rank calculate automatically.
A4: Post / Author | B4: Company | C4: Poster Title | D4: Followers (poster) | E4: Comments so far | F4: Date seen in feed | G4: Personal Story Fit (1-5) | H4: Job Search Relevance (1-5) | I4: Visibility Opportunity (1-5) | J4: Poster Reach & Authority (1-5) | K4: Topical Pillar Fit (1-5) | L4: Recency / Momentum (1-5) | M4: Weighted Score | N4: Rank | O4: Comment? (Top 2)
A5: Danielle Romanoff — AI Strategy & ROI post | B5: WVU Rockefeller Neuroscience | C5: Director of Data Science | D5: 1500 | E5: 2 | F5: 2026-07-26 | G5: 5 | H5: 5 | I5: 4 | J5: 4 | K5: 5 | L5: 4 | M5: =G5*Weights!$B$5+H5*Weights!$B$6+I5*Weights!$B$7+J5*Weights!$B$8+K5*Weights!$B$9+L5*Weights!$B$10 -> 4.6 | N5: =IF(M5="","",RANK(M5,$M$5:$M$24,0)) -> 1 | O5: =IF(N5="","",IF(N5<=2,"YES","no")) -> YES
A6: My post — "Microsoft Didn't Wait for the Open Weight Debate to Resolve" (a16z/Meta/NVIDIA coalition) | B6: Self / Straventis | C6: Principal Product & Program Leader (me) | D6: 769 | E6: 3 | F6: 2026-07-24 | G6: 2 | H6: 4 | I6: 3 | J6: 3 | K6: 5 | L6: 4 | M6: =IF(G6="","",G6*Weights!$B$5+H6*Weights!$B$6+I6*Weights!$B$7+J6*Weights!$B$8+K6*Weights!$B$9+L6*Weights!$B$10) -> 3.1 | N6: =IF(M6="","",RANK(M6,$M$5:$M$24,0)) -> 4 | O6: =IF(N6="","",IF(N6<=2,"YES","no")) -> no
A7: My post — "Hughes was basically the 1940s Elon Musk" (historical parallel, viral hook) | B7: Self / Straventis | C7: Principal Product & Program Leader (me) | D7: 769 | E7: 0 | F7: 2026-07-14 | G7: 2 | H7: 2 | I7: 5 | J7: 3 | K7: 4 | L7: 2 | M7: =IF(G7="","",G7*Weights!$B$5+H7*Weights!$B$6+I7*Weights!$B$7+J7*Weights!$B$8+K7*Weights!$B$9+L7*Weights!$B$10) -> 2.85 | N7: =IF(M7="","",RANK(M7,$M$5:$M$24,0)) -> 5 | O7: =IF(N7="","",IF(N7<=2,"YES","no")) -> no
A8: My post — "Platform Thinking. I've noticed a pattern across every platform I've worked on." | B8: Self / Straventis | C8: Principal Product & Program Leader (me) | D8: 769 | E8: 0 | F8: 2026-07-09 | G8: 4 | H8: 5 | I8: 3 | J8: 3 | K8: 5 | L8: 2 | M8: =IF(G8="","",G8*Weights!$B$5+H8*Weights!$B$6+I8*Weights!$B$7+J8*Weights!$B$8+K8*Weights!$B$9+L8*Weights!$B$10) -> 3.85 | N8: =IF(M8="","",RANK(M8,$M$5:$M$24,0)) -> 3 | O8: =IF(N8="","",IF(N8<=2,"YES","no")) -> no
A9: My post — "Jeff's framework assumes you're free to ask..." (reactive commentary on manufacturing orgs) | B9: Self / Straventis | C9: Principal Product & Program Leader (me) | D9: 769 | E9: 0 | F9: 2026-07-24 | G9: 2 | H9: 3 | I9: 3 | J9: 3 | K9: 4 | L9: 4 | M9: =IF(G9="","",G9*Weights!$B$5+H9*Weights!$B$6+I9*Weights!$B$7+J9*Weights!$B$8+K9*Weights!$B$9+L9*Weights!$B$10) -> 2.8 | N9: =IF(M9="","",RANK(M9,$M$5:$M$24,0)) -> 6 | O9: =IF(N9="","",IF(N9<=2,"YES","no")) -> no
A10: My post — "Found an Old Friend on Caterpillar's Website Today" (In-Cylinder Pressure Sensor 443-5682) | B10: Self / Straventis | C10: Principal Product & Program Leader (me) | D10: 769 | E10: 0 | F10: 2026-07-22 | G10: 5 | H10: 4 | I10: 4 | J10: 3 | K10: 5 | L10: 1 | M10: =IF(G10="","",G10*Weights!$B$5+H10*Weights!$B$6+I10*Weights!$B$7+J10*Weights!$B$8+K10*Weights!$B$9+L10*Weights!$B$10) -> 4.05 | N10: =IF(M10="","",RANK(M10,$M$5:$M$24,0)) -> 2 | O10: =IF(N10="","",IF(N10<=2,"YES","no")) -> YES
M11: =IF(G11="","",G11*Weights!$B$5+H11*Weights!$B$6+I11*Weights!$B$7+J11*Weights!$B$8+K11*Weights!$B$9+L11*Weights!$B$10) | N11: =IF(M11="","",RANK(M11,$M$5:$M$24,0)) | O11: =IF(N11="","",IF(N11<=2,"YES","no"))
M12: =IF(G12="","",G12*Weights!$B$5+H12*Weights!$B$6+I12*Weights!$B$7+J12*Weights!$B$8+K12*Weights!$B$9+L12*Weights!$B$10) | N12: =IF(M12="","",RANK(M12,$M$5:$M$24,0)) | O12: =IF(N12="","",IF(N12<=2,"YES","no"))
M13: =IF(G13="","",G13*Weights!$B$5+H13*Weights!$B$6+I13*Weights!$B$7+J13*Weights!$B$8+K13*Weights!$B$9+L13*Weights!$B$10) | N13: =IF(M13="","",RANK(M13,$M$5:$M$24,0)) | O13: =IF(N13="","",IF(N13<=2,"YES","no"))
M14: =IF(G14="","",G14*Weights!$B$5+H14*Weights!$B$6+I14*Weights!$B$7+J14*Weights!$B$8+K14*Weights!$B$9+L14*Weights!$B$10) | N14: =IF(M14="","",RANK(M14,$M$5:$M$24,0)) | O14: =IF(N14="","",IF(N14<=2,"YES","no"))
M15: =IF(G15="","",G15*Weights!$B$5+H15*Weights!$B$6+I15*Weights!$B$7+J15*Weights!$B$8+K15*Weights!$B$9+L15*Weights!$B$10) | N15: =IF(M15="","",RANK(M15,$M$5:$M$24,0)) | O15: =IF(N15="","",IF(N15<=2,"YES","no"))
M16: =IF(G16="","",G16*Weights!$B$5+H16*Weights!$B$6+I16*Weights!$B$7+J16*Weights!$B$8+K16*Weights!$B$9+L16*Weights!$B$10) | N16: =IF(M16="","",RANK(M16,$M$5:$M$24,0)) | O16: =IF(N16="","",IF(N16<=2,"YES","no"))
M17: =IF(G17="","",G17*Weights!$B$5+H17*Weights!$B$6+I17*Weights!$B$7+J17*Weights!$B$8+K17*Weights!$B$9+L17*Weights!$B$10) | N17: =IF(M17="","",RANK(M17,$M$5:$M$24,0)) | O17: =IF(N17="","",IF(N17<=2,"YES","no"))
M18: =IF(G18="","",G18*Weights!$B$5+H18*Weights!$B$6+I18*Weights!$B$7+J18*Weights!$B$8+K18*Weights!$B$9+L18*Weights!$B$10) | N18: =IF(M18="","",RANK(M18,$M$5:$M$24,0)) | O18: =IF(N18="","",IF(N18<=2,"YES","no"))
M19: =IF(G19="","",G19*Weights!$B$5+H19*Weights!$B$6+I19*Weights!$B$7+J19*Weights!$B$8+K19*Weights!$B$9+L19*Weights!$B$10) | N19: =IF(M19="","",RANK(M19,$M$5:$M$24,0)) | O19: =IF(N19="","",IF(N19<=2,"YES","no"))
M20: =IF(G20="","",G20*Weights!$B$5+H20*Weights!$B$6+I20*Weights!$B$7+J20*Weights!$B$8+K20*Weights!$B$9+L20*Weights!$B$10) | N20: =IF(M20="","",RANK(M20,$M$5:$M$24,0)) | O20: =IF(N20="","",IF(N20<=2,"YES","no"))
M21: =IF(G21="","",G21*Weights!$B$5+H21*Weights!$B$6+I21*Weights!$B$7+J21*Weights!$B$8+K21*Weights!$B$9+L21*Weights!$B$10) | N21: =IF(M21="","",RANK(M21,$M$5:$M$24,0)) | O21: =IF(N21="","",IF(N21<=2,"YES","no"))
M22: =IF(G22="","",G22*Weights!$B$5+H22*Weights!$B$6+I22*Weights!$B$7+J22*Weights!$B$8+K22*Weights!$B$9+L22*Weights!$B$10) | N22: =IF(M22="","",RANK(M22,$M$5:$M$24,0)) | O22: =IF(N22="","",IF(N22<=2,"YES","no"))
... M24: =IF(G24="","",G24*Weights!$B$5+H24*Weights!$B$6+I24*Weights!$B$7+J24*Weights!$B$8+K24*Weights!$B$9+L24*Weights!$B$10) | N24: =IF(M24="","",RANK(M24,$M$5:$M$24,0)) | O24: =IF(N24="","",IF(N24<=2,"YES","no"))
A26: Note: this scorer was designed to score OTHER people's posts (targeting who to comment on) — Job Search Relevance and Poster Reach & Authority describe the poster, not you. Applied here to my own published posts as a retro exercise; Poster Reach & Authority is constant (=3) across every row since it's always me, so it adds no real differentiation despite its 15% weight. Visibility Opportunity reinterpreted as reach achieved (impressions) rather than room in an existing comment thread. Comments so far = actual comment count received, not pre-comment thread size.
